Abbreviazione;Denominazione;Denom. italiana;Denom. tedesca;Localit�;ID;Lin;Citta
BZ-ME;Linea BOLZANO MERANO;L. 201 Merano - Terlano - Bolzano - Terlano - Merano;L. 201 Meran - Terlan - Bozen - Terlan - Meran;;1;B-M;Merano
CITY LA;Linea Citybus Lana;L. 215 Citybus Lana;L. 215 Citybus Lana;Merano - Meran;2;C-L;Merano
CROCE T;Linea TIROLO CROCE;L. 222 Tirolo Croce-Tirolo-Monte Benedetto-Tirolo-Tirolo Croce;L. 222 Tiroler Kreuz-Dorf Tirol Segenbuehel-Dorf Tirol-Tiroler Kreuz;Merano - Meran;3;T-C;Merano
INT_LAIV;Linea INTERNA LAIVES;L. 112 Laives Stazione - Laives - Pineta - Laives- Laives Stazione;L. 112 Leifers Bhf- Leifers - Steinmannwald - Leifers - Leifers Bhf;Bolzano - Bozen;4;LAI;Bolzano
ME-AV;Linea MERANO AVELENGO FALZEBEN/VERANO;L. 225 Merano-Avelengo-Falzeben/Verano-Avelengo-Merano;L. 225 Bahnhof-Hafling-Falzeben/Voeran-Hafling-Bahnhof;Merano - Meran;5;M-A;Merano
NALLES;Linea Citybus Nalles;L. 202 Vilpiano-Nalles-Andriano-Terlano;L. 202 Vilpian-Nals-Andrian-Terlan;Bolzano - Bozen;6;NAL;Bolzano
NIGHTSH;NIGHTSHUTTLE;L. 231 Nightliner: Verdines-Merano-Lana-Gargazzone-Merano-Verdines;L. 231 Nightliner: Verdins-Meran-Lana-Gargazon-Meran-Verdins;Merano - Meran;7;NL;Merano
TIROLO;Linea TIROLO;L. 221 Merano-Tirolo-Merano;L. 221 Meran-Dorf Tirol-Meran;Merano - Meran;8;TIR;Merano
VAD_LAIV;Linea VADENA LAIVES;L. 113 Laives Stazione - Laives - Vadena - Laives- Laives Stazione;L. 113 Leifers Bhf- Leifers - Pfatten - Leifers - Leifers Bhf;Bolzano - Bozen;9;V-L;Bolzano
VERNURIO;Linea VERNURIO;L. 224 Tirolo-Rifiano-Vernurio-Rifiano-Tirolo;L. 224 Dorf Tirol -Riffian-Vernuer-Riffian-Dorf Tirol;Merano - Meran;10;VER;Merano
ZEN-FIN;Linea ZENOBURG FINELE;L. 223  Tirolo-Finale-Aica-Tirolo;L. 223 Dorf Tirol-Finele-Aichweg-Dorf Tirol;Merano - Meran;11;Z-F;Merano
1 BZ;Linea 1 BZ;L. 1 Cardano - Via Fago / Funivia S. Genesio;L. 1 Kardaun - Fagenstr. / Seilbahn Jenesien;Bolzano - Bozen;12;1;Bolzano
1 ME;Linea 1 ME;L. 1A/B S. Maria Assunta-Giardino Botanico (1B)/Funivia Invigna (1A)-S. Maria Assunta;L. 1A/B M. Himmelfahrt-Botanischer Garten (1B)/Ifinger Seilbahn (1A) - M. Himmelfahrt;Merano - Meran;13;1;Merano
10A BZ;Linea 10A BZ;L. 10A Ospedale BZ-Cimitero-Stazione-Ospedale BZ;L. 10A BZ Krankenhaus-Friedhof-Bahnhof-BZ Krankenhaus;Bolzano - Bozen;14;10A;Bolzano
10B BZ;Linea 10B BZ;L. 10B Ospedale BZ-Cimitero-Stazione-Ospedale BZ;L. 10B BZ Krankenhaus-Bahnhof-Friedhof-BZ Krankenhaus;Bolzano - Bozen;15;10B;Bolzano
11 BZ;Linea 11 BZ;L. 11 Via Perathoner-Funivia Renon-Piani di Bolzano-Funivia Renon-Via Perathoner;L. 11 Perathonerstr.-Rittner Seilbahn-Bozner Boden-Rittner Seilbahn-Perathonerstr.;Bolzano - Bozen;16;11;Bolzano
11 ME;Linea 11 ME;L. 211 Merano-Marlengo-Cermes-Lana-Postal Stazione-Lana-Cermes-Marlengo-Merano;L. 211 Meran-Marling-Tscherms-Lana-Burgstall Bhf.-Lana-Tscherms-Marling-Meran;Merano - Meran;17;11;Merano
12 BZ;Linea 12 BZ;L. 12 Via Perathoner-Funivia S. Genesio-Via Perathoner;L. 12 Perathonerstr.-Seilbahn Jenesien-Perathonerstr.;Bolzano - Bozen;18;12;Bolzano
12 ME;Linea 12 ME;L. 212 Foresta-ME-Marlengo-ME-Foresta (12) Foresta-ME-Marlengo-ME-Foresta(12A);L. 212 Forst-Meran-Marling-Meran-Forst(12)  Forst-Meran-Marling-Meran-Forst(12A);Merano - Meran;19;12;Merano
13 ME;Linea 13 ME;L. 213 Merano-Lagundo-Parcines-Lagundo-Merano;L. 213 Meran-Algund-Partschins-Algund-Meran;Merano - Meran;20;13;Merano
13 BZ;LINEA 13 BZ;L. 13/183 Bolzano-Campiglio-Cardano-Cornedo;L.13/183 Bozen-Kampill-Kardaun-Karneid;Bolzano - Bozen;21;13;Bolzano
14 BZ;Linea 14 BZ;L. 14 Pass. dei Castani-Funivia Renon-Funivia S. Genesio-Funivia Renon-Pass. dei Castani;L. 14 Koestenweg-Rittner Seilbahn-Seilbahn Jenesien-Rittner Seilbahn-Koestenweg;Bolzano - Bozen;22;14;Bolzano
14 ME;Linea 14 ME;L. 214 Z.artig. Sinigo-Z.industr.Lana-Foiana-Z.industr. Lana-Z. artig. Sinigo;L. 214 HW Zone Sinich-Industriezone Lana-Voellan-Lana-Industriezone Lana - HW Zone Sinich;Merano - Meran;23;14;Merano
146 ME;Linea 146 ME;L. 146 Linea serale Merano;L. 146 Abendlinie Meran;Merano - Meran;24;146;Merano
153 BZ;Linea 153 BZ;L. 153 Stazione BZ-Via Fago-Piazza Gries-Via Resia-Via Emeri-Via Roma-Stazione ;L. 153 Bahnhof-Fagenstr.-Grieserplatz-Reschenstr.-Emeristr.-Romstr.-Bahnhof;Bolzano - Bozen;25;153;Bolzano
2 BZ;Linea 2 BZ;L. 2 Stazione BZ-Bronzolo-Stazione;L. 2 Bahnhof-Branzoll-Bahnhof;Bolzano - Bozen;26;2;Bolzano
2 ME;Linea 2 ME;L. 2/2A Stazione ME-Sinigo(2)-Postal Stazione (2A)-Sinigo (2)-Stazione ME;L. 2/2A Meran Bhf.-Sinich(2)-Burgstall Bhf.(2A)-Sinich(2)-Meran Bhf.;Merano - Meran;27;2;Merano
3 BZ;Linea 3 BZ;L. 3 Stazione BZ-Piazza Vittoria-Via Bari-Via Emeri-Via Bari-Piazza Vittoria-Stazione BZ;L. 3 Bahnhof-Siegesplatz-Baristr.-Emeristr.-Baristr.-Siegesplatz-Bahnhof;Bolzano - Bozen;28;3;Bolzano
3 ME;Linea 3 ME;L. 3 Stazione ME-P.zza Fontana-Via Virgilio-P.zza Fontana-F.te San Martino-Stazione ME;L. 3 Meran Bhf.-Brunnenplatz-Vergilstr.-Brunnenplatz-Rennweg-Martinsbrunn-Meran Bhf.;Merano - Meran;29;3;Merano
4 BZ;Linea 4 BZ;L. 4 Stazione BZ-Via Volta-Via Einstein-Pineta-Via Volta-Via Lancia-Stazione BZ;L. 4 Bahnhof-Voltastr.- Einsteinstr.-Steinmannwald-Voltastr.-Lanciastr.-Bahnhof;Bolzano - Bozen;30;4;Bolzano
4 ME;Linea 4 ME;L. 4 Ospedale ME-Via Innerhofer-Giardino Botanico-Via Dante-Ospedale ME;L. 4 Krankenhaus-Innerhoferstr.-Botanischer Garten-Dantestr.-Krankenhaus;Merano - Meran;31;4;Merano
5 BZ;Linea 5 BZ;L. 5 Stazione BZ-Via Palermo-V.le Europa-Via Mozart-V.le Europa-Via Palermo-Stazione BZ;L. 5 Bahnhof-Palermostr.-Europaallee-Mozartstr.-Europaallee-Palermostr.-Bahnhof ;Bolzano - Bozen;32;5;Bolzano
6 BZ;Linea 6 BZ;L. 6 Via Perathoner-V.le Europa-Via Braille-V.le Europa-Via Perathoner;L. 6 Perathonerstr.-Europaallee-Braillestr.-Europaallee-Perathonerstr.;Bolzano - Bozen;33;6;Bolzano
6 ME;Linea 6 ME;L. 6 Via A. Hofer-Via d.Corse-Via E-Toti-Via Wolkenstein-Via Marlengo-Via A. Hofer;L. 6A Hoferstr.-Rennweg-E. Toti-Str. -Wolkensteinstr.-Zueggstr.Marlingerstr.-A. Hoferstr.;Merano - Meran;34;6;Merano
7A BZ;Linea 7A BZ;L. 7A Pass.dei Castani-Via Perathoner-Via Roma-Pass. dei Castani;L. 7A Koestenweg-Perathonerstr.-Romstr.-Koestenweg;Bolzano - Bozen;35;7A;Bolzano
7B BZ;Linea 7B BZ;L. 7B Pass.dei Castani-Via Roma-Via Perathoner-Pass. dei Castani;L. 7B Koestenweg-Romstr.-Perathonerstr.-Koestenweg;Bolzano - Bozen;36;7B;Bolzano
8 BZ;Linea 8 BZ;L. 8 P.zza Dogana-Stazione BZ-Via C. Battisti-Ospedale BZ-Via C. Battisti-P.zza Dogana;L. 8 Zollstange-Bhf.-Battisti-Str.-Drususstr.-Krankenhaus-Drususstr.-Battisti-Str.-Zollstange;Bolzano - Bozen;37;8;Bolzano
9 BZ;Linea 9 BZ;L. 9 Via Perathoner-V.le Druso-Firmian-Ponte Adige FS.-Firmian-V.le Druso-Via Perathoner;L. 9 Perathonerstr.-Drususstr.-Firmian-Sigmundskron Bhf.-Firmian-Drususstr.-Perathonerstr.;Bolzano - Bozen;38;9;Bolzano
